,feature,support,ranking,mean score,std score
0,P_2,True,1,0.6372351068350008,0.002032711524976413
223,B_2_3_periods_logmean,True,1,0.7781674356487852,0.0009446223841359469
224,R_1_13_periods_logmean,True,1,0.7773405970327132,0.0014461775776896458
225,S_3_13_periods_max,True,1,0.7769476162731634,0.0026124605970724466
226,D_41_3_periods_logmax,True,1,0.777243569231629,0.0019541981847366716
227,B_3_3_periods_logmax,True,1,0.7775146917117863,0.002944460738838056
228,D_42_13_periods_max,True,1,0.7777565099162682,0.0018495291311729743
229,D_43_13_periods_max,True,1,0.7776971102487544,0.002364786559882849
230,D_44_6_periods_logmean,True,1,0.7773592206949097,0.0019006559779460868
231,D_45_13_periods_logmedian,True,1,0.7772873213521447,0.0025358514437671944
232,B_5_6_periods_logmax,True,1,0.7770627606301894,0.001569650528198762
222,D_39_6_periods_max,True,1,0.7777180582580736,0.0006432052286963974
233,R_2_6_periods_max,True,1,0.7773810967025956,0.001436258160775506
235,D_47_13_periods_min,True,1,0.7778243430174949,0.0016143816421755662
236,D_48_3_periods_mean,True,1,0.7770789060848212,0.0008764462108062184
238,B_6_13_periods_min,True,1,0.7783299622151345,0.0015546497509159088
241,D_51_13_periods_logsum,True,1,0.7787428599691232,0.002506850328575567
242,B_9_3_periods_min,True,1,0.7770249953823118,0.0015405779938891943
243,R_3_13_periods_mean,True,1,0.7778340080344314,0.0020961535454758597
244,D_52_13_periods_min,True,1,0.7779307919858738,0.0019395543630086917
245,P_3_6_periods_min,True,1,0.7784073105214652,0.0021315077479117303
246,B_10_6_periods_min,True,1,0.777789322181287,0.001680890104463887
248,S_5_13_periods_logmedian,True,1,0.7775855374552942,0.001609750726325616
234,D_46_13_periods_mean,True,1,0.7772106825288938,0.0010122240329501306
212,D_64_U,True,1,0.7770153782917083,0.0015565714665591876
210,D_64_O,True,1,0.7778318803786614,0.0008278005397877804
204,D_63_CO,True,1,0.7776138348210608,0.0020482008672068975
125,S_24,True,1,0.7785823798796684,0.0011147845099398722
127,S_26,True,1,0.777774231793287,0.0015500088695733648
131,D_105,True,1,0.7781874296807962,0.002641559350341361
135,B_37,True,1,0.7779431116267854,0.0017675927025218234
137,R_27,True,1,0.7777627472255193,0.0017963820824021778
140,D_110,True,1,0.7782107701996038,0.00167662062634135
141,D_111,True,1,0.7776425292496876,0.001063453386041542
144,B_40,True,1,0.7771671775716618,0.0006907481957879964
147,D_115,True,1,0.7782085879381568,0.0014085747704981944
149,D_119,True,1,0.778029443594074,0.0018073080128900355
150,D_121,True,1,0.7780068083304221,0.001941860550256014
151,D_122,True,1,0.7779081147309458,0.0007518335823202905
153,D_124,True,1,0.7786349352069208,0.0012418583486046948
156,D_128,True,1,0.7783662745711557,0.0012592014612787354
157,D_129,True,1,0.7776882682981512,0.00022061565160377022
161,D_131,True,1,0.7781558376442053,0.0013049938755253423
162,D_132,True,1,0.7787642071891456,0.0021599951899267758
163,D_133,True,1,0.7775262713712444,0.001894671899229479
165,D_134,True,1,0.7784666280400213,0.0015091489160425405
167,D_136,True,1,0.7774319492581954,0.0014159311734955767
171,D_140,True,1,0.7782481387821787,0.0013290645908273068
181,B_38_2.0,True,1,0.7784417807766263,0.002065945549937467
188,D_114_1.0,True,1,0.7781694487610513,0.0012344290965902933
252,S_7_13_periods_max,True,1,0.7775258509999835,0.001825481102591577
124,S_23,True,1,0.7772745770861782,0.0016210695517006385
253,B_12_13_periods_logsum,True,1,0.777335086133971,0.002161099682086804
255,D_56_13_periods_sum,True,1,0.777090445996237,0.0017544685914180627
346,R_27_13_periods_sum,True,1,0.7769111469617394,0.0015714866108037292
352,D_112_1_periods_logfirst,True,1,0.7765037410510504,0.0019453628448724944
355,D_113_13_periods_logmax,True,1,0.7770735439607719,0.0026058009032293166
357,D_118_13_periods_sum,True,1,0.7766560110149509,0.0017140852412500412
359,D_121_13_periods_sum,True,1,0.7763944816601851,0.0018042175696730942
361,D_123_13_periods_logmax,True,1,0.7762488528966252,0.00191957432594053
365,D_128_13_periods_min,True,1,0.7768210814064814,0.0031905041962353945
366,D_129_13_periods_sum,True,1,0.776817342806105,0.0031916885782488314
367,B_41_6_periods_logmax,True,1,0.7769096560339654,0.003347351181025471
371,D_132_13_periods_std,True,1,0.7768764816532965,0.00325433746504937
344,B_36_6_periods_mean,True,1,0.7776831374427746,0.002261726149464072
372,D_133_13_periods_logmax,True,1,0.7768716334720438,0.0032464817978831466
381,D_141_13_periods_logmax,True,1,0.7769403676969313,0.003330905653362358
385,D_145_13_periods_logmax,True,1,0.7769403676969313,0.003330905653362358
389,B_38_2.0_13_periods_mean,True,1,0.7769403676969313,0.003330905653362358
391,B_38_4.0_13_periods_std,True,1,0.7769403676969313,0.003330905653362358
392,B_38_5.0_13_periods_std,True,1,0.7769403676969313,0.003330905653362358
400,D_117_1.0_13_periods_max,True,1,0.7761149003796652,0.00354786716040801
401,D_117_2.0_13_periods_max,True,1,0.7761149003796652,0.00354786716040801
404,D_117_5.0_13_periods_max,True,1,0.7759281196325589,0.003607801096623818
407,D_120_1.0_13_periods_max,True,1,0.7759281196325589,0.003607801096623818
408,D_126_-1.0_13_periods_last-first,True,1,0.7759281196325589,0.003607801096623818
376,D_136_13_periods_std,True,1,0.7769403676969313,0.003330905653362358
338,D_102_13_periods_logmax,True,1,0.7768700777371783,0.0014671716287370006
337,S_26_13_periods_logsum,True,1,0.7768975485807661,0.0016636848497281643
336,S_25_13_periods_std,True,1,0.7764311970115035,0.002070505854101524
258,S_9_13_periods_logmean,True,1,0.7770738432679676,0.0011882033996751548
259,B_14_6_periods_min,True,1,0.7777392869562666,0.0024050917317717854
260,D_59_3_periods_mean,True,1,0.7771461076401036,0.002103605382205939
261,D_60_6_periods_logmin,True,1,0.7773937284142338,0.0023575037700895546
262,D_61_6_periods_mean,True,1,0.7774152221098096,0.0011762995392493422
264,S_11_13_periods_min,True,1,0.7771243624592703,0.001590557098445166
265,D_62_13_periods_mean,True,1,0.7780307906330077,0.0022154302570000996
266,D_65_6_periods_logmax,True,1,0.7765714831961685,0.0012101366317018051
268,B_19_3_periods_logmean,True,1,0.7777027867266567,0.0011412846706157173
269,B_20_3_periods_logmean,True,1,0.7778872442732885,0.0019284288622602459
270,S_12_13_periods_min,True,1,0.7773451282404011,0.00219589613409024
271,R_6_13_periods_logmax,True,1,0.7774553119990114,0.001405395746296054
276,D_70_13_periods_logmean,True,1,0.7767727149576615,0.0010725614109379736
278,D_72_13_periods_logmax,True,1,0.7767413944039262,0.0015756321075760889
279,S_15_13_periods_max,True,1,0.777912945418036,0.0008318484365215744
280,B_23_3_periods_logmean,True,1,0.7762880975616984,0.0013503346099835794
289,B_26_3_periods_logmax,True,1,0.7772312014534916,0.0024564819824261877
294,S_16_13_periods_logmean,True,1,0.7775299318132336,0.001843091267607291
297,R_11_13_periods_mean,True,1,0.7772059061033351,0.00083209823139289
309,B_29_13_periods_loglast/first,True,1,0.7764389314563672,0.0026060321785616393
322,B_33_3_periods_sum,True,1,0.7772479079828951,0.0017697566867632653
334,S_23_3_periods_median,True,1,0.7769587297221476,0.0010622341920756774
335,S_24_3_periods_max,True,1,0.7765091766276168,0.001660530283380109
254,S_8_6_periods_min,True,1,0.7783874682355275,0.0015333121823491514
105,B_31,True,1,0.7774047045577899,0.0017982836627537604
214,D_66_1.0,True,1,0.7775659882386607,0.0017114274888390543
33,D_54,True,1,0.7667528147886137,0.00296842780662851
64,D_71,True,1,0.7747420118377655,0.0017280327279106866
63,D_70,True,1,0.7744730107124449,0.0016185176485703876
62,B_22,True,1,0.773097815463627,0.0015282000618266165
17,D_48,True,1,0.7549854141544623,0.0009717177399534515
60,B_21,True,1,0.7735944055641082,0.0016007753811089942
16,D_47,True,1,0.7550895232675028,0.002143334029497807
85,R_11,True,1,0.7759733915195245,0.001587387850231586
66,S_15,True,1,0.7742759004927325,0.0013192889948829237
15,D_46,True,1,0.7531015998256338,0.0022390711770126
59,S_13,True,1,0.7734526339162758,0.0014859852883496673
57,S_12,True,1,0.7729500281059063,0.0017167976716811046
56,B_20,True,1,0.7722633049519427,0.001623146758300515
54,B_18,True,1,0.7728319553893219,0.0015562080087420929
53,B_17,True,1,0.772394066743887,0.001056215359031429
91,B_28,True,1,0.7762087659179414,0.002159871016032505
52,B_16,True,1,0.7725445018933604,0.0018967429053780782
14,R_2,True,1,0.7510583204923513,0.0026160879364503275
67,B_23,True,1,0.773936989196148,0.0031513722811342404
31,B_11,True,1,0.7665781095048838,0.0027630551693530324
18,D_49,True,1,0.755965254410383,0.0020658088241975897
28,B_10,True,1,0.7648594204467374,0.0021762948616061346
27,P_3,True,1,0.7640101337798768,0.002993421625910835
26,D_52,True,1,0.7634177682674882,0.0022237050739893896
25,R_3,True,1,0.7620607095009367,0.002488281370570585
24,B_9,True,1,0.7610999824531606,0.0011391218340219358
29,D_53,True,1,0.7654277276770025,0.0024535108383680814
30,S_5,True,1,0.7653384913618563,0.002208647839111057
77,B_26,True,1,0.7748056741420417,0.0022374701262537528
23,D_51,True,1,0.7604246270930406,0.0017946153243419628
22,D_50,True,1,0.7597169048220312,0.0009358597354460242
74,R_7,True,1,0.7745601009259446,0.0027977488265878946
73,B_24,True,1,0.775189029912261,0.0020038650777504463
20,B_7,True,1,0.7559224738188334,0.0006567902185038748
81,R_9,True,1,0.7755664891683506,0.0009194775588113801
72,D_76,True,1,0.7736098103388095,0.0015528181924822854
19,B_6,True,1,0.7565883773731379,0.0014598748255840197
71,D_75,True,1,0.7750177229370734,0.0016645485355650943
50,D_62,True,1,0.7712586771026856,0.0022679271237204253
12,D_45,True,1,0.7468730271708246,0.002816253372324812
13,B_5,True,1,0.7484865358219874,0.0027773441462843646
48,B_15,True,1,0.7703973331201923,0.0005648968759680291
1,D_39,True,1,0.6885550296388243,0.0007846671967332515
2,B_1,True,1,0.6993389745320113,0.0018176707011800164
34,R_4,True,1,0.7670503461037823,0.0016390774376219461
3,B_2,True,1,0.7096257492981999,0.0013241589453140115
35,S_7,True,1,0.7676696845253568,0.0020119205368710805
4,R_1,True,1,0.7129443978984575,0.0040303622375525575
5,S_3,True,1,0.7188508926960678,0.00025994769759910946
37,S_8,True,1,0.7689929424875817,0.0025551700815463797
6,D_41,True,1,0.7241043289909039,0.003849160270866735
7,B_3,True,1,0.7313629445126897,0.0021864365434428913
8,D_42,True,1,0.7344469647639839,0.002419339984258807
49,S_11,True,1,0.770619745210708,0.0013009652448631105
38,D_55,True,1,0.7689921171324011,0.00184359661788034
39,D_56,True,1,0.7692922340811621,0.0015127584489050838
41,R_5,True,1,0.7698348903485435,0.0014201380086544568
79,D_79,True,1,0.7750198595566058,0.0011947916187454292
44,B_14,True,1,0.7698678774160106,0.0019287249621245271
10,D_44,True,1,0.742114245776913,0.003104087647729847
42,D_58,True,1,0.7700039258942455,0.0016468245972703515
98,B_29,True,1,0.7759478564707136,0.0022409428202110507
9,D_43,True,1,0.7387683581082878,0.0023861190217786344
47,D_61,True,1,0.7711170512348609,0.0009237105884141615
46,D_60,True,1,0.7718031135430494,0.0019217524946731736
43,S_9,True,1,0.7702762336393667,0.002406354935505156
11,B_4,True,1,0.7439649222508773,0.0011570407607448127
45,D_59,True,1,0.7711187805550052,0.002770034278414554
247,D_53_6_periods_std,False,2,0.7776494011136373,0.0014237905250132047
405,D_117_6.0_13_periods_sum,False,3,0.7759281196325589,0.003607801096623818
138,D_108,False,4,0.7779282394193865,0.0018276511480361198
88,D_82,False,5,0.7758687304748912,0.0019742335768615955
61,D_69,False,6,0.7733036531796956,0.000899516085676134
93,D_83,False,7,0.776845962271311,0.00142634537253531
273,B_21_13_periods_logmean,False,8,0.7776408533179511,0.0013678130594625766
285,B_24_6_periods_logmax,False,9,0.7778063866943176,0.00154642774862951
40,B_13,False,10,0.7691193779432566,0.001163100288019124
283,D_74_3_periods_logmean,False,11,0.7774779170436407,0.0014168858453132529
288,B_25_3_periods_min,False,12,0.7768635840445807,0.002163785356568769
293,R_9_13_periods_std,False,13,0.7775853290047073,0.001431498689237462
275,B_22_6_periods_logmean,False,14,0.7778193093143185,0.0018039482538047893
364,D_127_13_periods_logsum,False,15,0.7767181879887711,0.0032276866344435086
65,D_72,False,16,0.7747503012860342,0.0008359587465016842
272,S_13_6_periods_min,False,17,0.778142799907754,0.0014665707306634062
133,D_107,False,18,0.7781714048561446,0.0015312333847600054
353,B_40_3_periods_logmean,False,19,0.7767726467915279,0.002131185039420814
87,D_81,False,20,0.776566020515095,0.0012894436152940147
108,B_32,False,21,0.7781046180573452,0.0004751543208747734
300,D_82_13_periods_sum,False,22,0.7775707731542021,0.0016775929488620231
290,D_78_13_periods_logmax,False,23,0.7768396460957531,0.0022861691951320037
84,R_10,False,24,0.7763286488230653,0.0019078203340540019
282,P_4_13_periods_first,False,25,0.7768329339745359,0.0023385110589016302
291,D_79_13_periods_logmax,False,26,0.7769822260778019,0.001967479128016296
333,S_22_3_periods_max,False,27,0.777194319543282,0.0013138907676591696
249,B_11_3_periods_logmean,False,28,0.7778740004876766,0.0018008963564686584
158,B_41,False,29,0.7776307010018924,0.00229291128877641
417,D_64_O_13_periods_sum,False,30,0.7768741413991014,0.0032651692457952713
176,D_145,False,31,0.7781382206706684,0.0012392940189307636
292,R_8_13_periods_logmean,False,32,0.7779316574325104,0.0019349884268141542
320,R_20_13_periods_logmax,False,33,0.7778989703059811,0.0019391077275169903
110,R_20,False,34,0.7780720585610189,0.0015696880019280789
36,B_12,False,35,0.7689562331180829,0.0028643909863341013
307,D_84_13_periods_logmax,False,36,0.7772062556996141,0.001308641599500455
55,B_19,False,37,0.7711968954819246,0.0014305002231979876
341,D_105_13_periods_sum,False,38,0.7763792421397876,0.0016225436997097276
360,D_122_13_periods_sum,False,39,0.7768875754476963,0.0019729912018543556
148,D_118,False,40,0.7782763551267047,0.001446504354366664
286,R_7_6_periods_logmax,False,41,0.776981928623105,0.0016013918882739659
130,D_104,False,42,0.7782783589540382,0.0015885035679461409
343,D_107_13_periods_logmax,False,43,0.7777834440032942,0.0017577271503861377
302,R_12_6_periods_min,False,44,0.7766435790294066,0.0016219364961697206
340,D_104_13_periods_logmax,False,45,0.7770310332028569,0.0014622011443906988
306,R_15_13_periods_std,False,46,0.7765021643035692,0.0014717501659162956
51,D_65,False,47,0.770845329443109,0.0021085724960405792
379,D_139_13_periods_logmax,False,48,0.7769403676969313,0.003330905653362358
146,D_113,False,49,0.7781290182236026,0.0015275873154258956
256,B_13_13_periods_loglast/first,False,50,0.7774744745207336,0.0024401928876006504
330,R_24_13_periods_max,False,51,0.7775703508079548,0.0014810440129561764
83,D_80,False,52,0.775601413961776,0.0019169404412256459
75,D_77,False,53,0.7748595501238162,0.0011990167779378118
199,D_120_1.0,False,54,0.7783019082739409,0.0022295996125739027
174,D_143,False,55,0.7780005281670586,0.0015457063489223602
308,R_16_13_periods_std,False,56,0.776213504322576,0.001539292526956676
58,R_6,False,57,0.771632419915673,0.001797766991282199
363,D_125_13_periods_logmax,False,58,0.776040726169962,0.0020923953593020976
172,D_141,False,59,0.7788458472444004,0.0005756307155787953
239,B_8_13_periods_min,False,60,0.7788342662153989,0.0017112902158775898
301,S_17_13_periods_std,False,61,0.7760827040643186,0.0018580171747764771
267,B_17_6_periods_max,False,62,0.7779108268612548,0.0018936817106323732
250,S_6_13_periods_std,False,63,0.776805744157471,0.0006423390463538948
154,D_125,False,64,0.7774510775004912,0.001572723956051437
327,D_92_13_periods_logsum,False,65,0.7773760029099589,0.002197081306007182
370,D_131_13_periods_logmax,False,66,0.7769945694237761,0.003446380474256174
354,S_27_13_periods_logmin,False,67,0.7771212960785957,0.002682711254104343
305,R_14_13_periods_logmax,False,68,0.7768512189529779,0.0024062928529257357
295,D_80_13_periods_std,False,69,0.7762185952842862,0.0018310324250916598
90,R_12,False,70,0.7755021978378674,0.0013929367599909797
69,P_4,False,71,0.7745764536563038,0.002302896346225911
331,R_25_13_periods_std,False,72,0.7768172060770506,0.0020155159564671
116,D_91,False,73,0.777676492336553,0.0011853353322103662
390,B_38_3.0_13_periods_std,False,74,0.7769403676969313,0.003330905653362358
126,S_25,False,75,0.7780397914788696,0.0020938118333782983
82,S_16,False,76,0.7751665363758626,0.0015864640041979058
70,D_74,False,77,0.7747288190132436,0.001028021826312796
134,B_36,False,78,0.7782667761752555,0.002133300981929305
296,R_10_13_periods_logmean,False,79,0.7767116013363906,0.0009861045200823765
100,D_86,False,80,0.7778293449393389,0.0021142786495397105
155,D_127,False,81,0.7786050453851369,0.0018021294197062866
277,D_71_3_periods_logmin,False,82,0.777172380373485,0.0020136835596315807
142,B_39,False,83,0.7773816261323042,0.001831949160929262
121,R_25,False,84,0.777057796053971,0.0012454360221309552
304,D_83_13_periods_logmax,False,85,0.7759733274951521,0.001895979064514066
113,D_89,False,86,0.7772046930637407,0.001220784507089389
21,B_8,False,87,0.7588152555317064,0.001398281225508501
76,B_25,False,88,0.7746973329199094,0.0023976321354620806
173,D_142,False,89,0.7793886582207801,0.002082396940545571
257,R_5_13_periods_logmean,False,90,0.7777076002190368,0.001634820934591362
78,D_78,False,91,0.7740786115465831,0.0015496331845311644
97,R_16,False,92,0.7768235467511077,0.001838900512920727
324,R_22_13_periods_max,False,93,0.7771845554806422,0.0017715120756183864
80,R_8,False,94,0.7757062335458744,0.0012884406328558722
123,S_22,False,95,0.7773109155415352,0.0017754233033966192
310,S_18_13_periods_logsum,False,96,0.7772786739388607,0.0006802154028809032
128,D_102,False,97,0.7780873406278572,0.001617374614769763
332,D_96_13_periods_logsum,False,98,0.7763662097140585,0.0016729606940657526
145,S_27,False,99,0.7783358210527795,0.0017952135227336538
107,R_19,False,100,0.777444487498308,0.0016178287327334331
358,D_119_13_periods_sum,False,101,0.7767267773342955,0.0017654356230634126
175,D_144,False,102,0.7781169115211104,0.002349434524208169
311,D_86_13_periods_logsum,False,103,0.7774605773611658,0.001770689442730591
129,D_103,False,104,0.7779519890725524,0.0019757036501448725
388,B_30_2.0_13_periods_max,False,105,0.7769403676969313,0.003330905653362358
369,D_130_13_periods_logmax,False,106,0.7769985203291494,0.0034421085918524257
92,R_13,False,107,0.7770555480706268,0.0017597429726623683
240,D_50_13_periods_sum,False,108,0.7776540677320694,0.0016465045684051658
251,R_4_13_periods_std,False,109,0.7774930047877502,0.0019749222547006434
118,D_93,False,110,0.7773465869958311,0.0015291653895067093
303,R_13_13_periods_logmax,False,111,0.777379587436585,0.0013178911179924217
356,D_115_13_periods_sum,False,112,0.7764667544018055,0.0012068665989413403
298,B_27_13_periods_sum,False,113,0.7765535642259707,0.0004784754872011933
95,R_15,False,114,0.7767605436814073,0.0018487009352530313
99,S_18,False,115,0.7768183048275977,0.0025127080302146192
32,S_6,False,116,0.7668108563060658,0.0018593831695710484
114,R_22,False,117,0.7774285799035072,0.0019165389264435646
106,S_19,False,118,0.7772364485599995,0.0018037585433388203
314,R_18_13_periods_sum,False,119,0.7773379648862194,0.0019996132829637873
89,S_17,False,120,0.7758505850235907,0.0028371954532764583
287,D_77_13_periods_logmin,False,121,0.7768208594919336,0.0022339515740928606
326,D_91_13_periods_max,False,122,0.7773796341848433,0.0019258860158474756
86,B_27,False,123,0.7757410913993259,0.001630882745549614
319,S_20_13_periods_max,False,124,0.7780900483167719,0.0012787520640964506
117,D_92,False,125,0.7773854858100113,0.0012639681955063594
274,D_69_13_periods_logmax,False,126,0.7772075295108313,0.0016482293798885297
115,R_23,False,127,0.7780963950161048,0.0009666143816217975
380,D_140_13_periods_logmax,False,128,0.7769403676969313,0.003330905653362358
94,R_14,False,129,0.7766639708966113,0.0019689848507479274
164,R_28,False,130,0.7789636313515234,0.0020073907558454613
112,B_33,False,131,0.7778045329819183,0.0017562139289543151
384,D_144_13_periods_logfirst,False,132,0.7769403676969313,0.003330905653362358
122,D_96,False,133,0.7778062919376816,0.0022833668439825104
323,D_89_13_periods_logmax,False,134,0.7769173801585669,0.002447870282641102
160,D_130,False,135,0.7777301709021127,0.001912830086548055
313,R_17_13_periods_logmax,False,136,0.7774512551601716,0.0017251225627112922
284,D_76_13_periods_sum,False,137,0.7783496071914503,0.0015713541144899658
119,D_94,False,138,0.7779597241726727,0.0012752006728058856
339,D_103_13_periods_logmax,False,139,0.7770377004507855,0.0014209048837503303
103,R_18,False,140,0.7762943200070099,0.002052925268767739
109,S_20,False,141,0.7774935670073031,0.0011605439348590615
321,R_21_13_periods_max,False,142,0.7771239493543891,0.0020757660018035384
152,D_123,False,143,0.7781654649863574,0.0014928020046741691
348,D_109_13_periods_logsum,False,144,0.7771090145823742,0.0014600710089375634
427,D_68_5.0_13_periods_std,False,145,0.7763860321217078,0.003347510922246652
362,D_124_13_periods_std,False,146,0.7762488528966252,0.00191957432594053
403,D_117_4.0_13_periods_sum,False,147,0.7761150678585778,0.0035478262033455943
377,D_137_13_periods_logmin,False,148,0.7769403676969313,0.003330905653362358
120,R_24,False,149,0.7775602047963179,0.0015785095923998374
183,B_38_4.0,False,150,0.7784585739928382,0.0015221172250491166
342,D_106_13_periods_logmin,False,151,0.7767295770493042,0.001656115855963157
184,B_38_5.0,False,152,0.7781939864209921,0.0018687127876625576
318,B_32_13_periods_max,False,153,0.7775137911626946,0.0007032292779451912
325,R_23_13_periods_logsum,False,154,0.777256705653895,0.0007344375356036463
328,D_93_13_periods_logsum,False,155,0.7774406199767756,0.0016298818426073137
329,D_94_13_periods_logsum,False,156,0.7776667835228306,0.0013616616919269586
383,D_143_13_periods_logmax,False,157,0.7769403676969313,0.003330905653362358
375,D_135_13_periods_logmin,False,158,0.7769403676969313,0.003330905653362358
299,D_81_13_periods_logmax,False,159,0.776657120202689,0.0016703884802769806
111,R_21,False,160,0.7771338002859544,0.001172888253124142
423,D_68_1.0_13_periods_std,False,161,0.7768741413991014,0.0032651692457952713
196,D_117_5.0,False,162,0.7779516680000276,0.0016969013068454766
382,D_142_13_periods_sum,False,163,0.7769403676969313,0.003330905653362358
345,R_26_3_periods_std,False,164,0.7772800214352784,0.0016774625570414176
316,B_31_13_periods_std,False,165,0.7770487349371681,0.0012282725754241871
350,D_111_13_periods_sum,False,166,0.7765147998059236,0.0018409744017637332
139,D_109,False,167,0.7777585918672532,0.0021063792919018857
399,D_117_-1.0_6_periods_std,False,168,0.7761149003796652,0.00354786716040801
102,R_17,False,169,0.7770169374413218,0.0020918877816169814
368,B_42_13_periods_logsum,False,170,0.7768519966147074,0.003442073516520195
317,S_19_13_periods_logsum,False,171,0.7775161969174798,0.0017783399753138972
187,D_114_0.0,False,172,0.7772782878582024,0.0020050135584509196
315,D_88_13_periods_sum,False,173,0.7776095109797252,0.0020778299675111135
263,B_15_3_periods_std,False,174,0.7769743735630066,0.0025457909164503813
132,D_106,False,175,0.7785322301075915,0.0019809604423221567
378,D_138_13_periods_std,False,176,0.7769403676969313,0.003330905653362358
406,D_120_0.0_13_periods_min,False,177,0.7759281196325589,0.003607801096623818
170,D_139,False,178,0.7776134269632231,0.0015881327340241318
182,B_38_3.0,False,179,0.7778075659720697,0.001640994538570199
373,R_28_13_periods_logsum,False,180,0.7772617199520142,0.0031875871846196954
136,R_26,False,181,0.7777371424186903,0.0021618400234789115
68,D_73,False,182,0.7741868518320729,0.001895326302145977
237,D_49_13_periods_logmin,False,183,0.7775600150934852,0.0014180921512939918
198,D_120_0.0,False,184,0.7778479587790823,0.001582238420032973
166,D_135,False,185,0.7776941266586668,0.0026506270699381777
104,D_88,False,186,0.776358913831696,0.002542808133608069
193,D_117_2.0,False,187,0.7783926454358034,0.0007457330850274895
374,D_134_13_periods_std,False,188,0.7769403676969313,0.003330905653362358
180,B_38_1.0,False,189,0.7776762503001255,0.0012269261021116192
351,B_39_13_periods_sum,False,190,0.7771313231733453,0.0015392913041459588
96,D_84,False,191,0.7763145817096169,0.0010782644947152844
424,D_68_2.0_13_periods_std,False,192,0.7763860321217078,0.003347510922246652
169,D_138,False,193,0.7771475646643281,0.0014316630767050819
396,D_114_1.0_13_periods_first,False,194,0.7771107031259361,0.003314620476248084
281,D_73_13_periods_sum,False,195,0.7770917994561495,0.001229743260747703
387,B_30_1.0_6_periods_max,False,196,0.7769403676969313,0.003330905653362358
398,D_116_1.0_13_periods_max,False,197,0.7761149575917288,0.003547964172687909
413,D_63_XL_3_periods_max,False,198,0.7768741413991014,0.0032651692457952713
426,D_68_4.0_13_periods_max,False,199,0.7763860321217078,0.003347510922246652
349,D_110_13_periods_sum,False,200,0.7765551404607738,0.001732532082000713
425,D_68_3.0_13_periods_max,False,201,0.7763860321217078,0.003347510922246652
428,D_68_6.0_13_periods_first,False,202,0.7763860321217078,0.003347510922246652
203,D_63_CL,False,203,0.77709907061504,0.002328342614848684
420,D_66_0.0_13_periods_std,False,204,0.7768741413991014,0.0032651692457952713
186,B_38_7.0,False,205,0.7782953421925368,0.00237819029944157
416,D_64_-1_13_periods_mean,False,206,0.7768741413991014,0.0032651692457952713
168,D_137,False,207,0.7784382206410709,0.0015202795674602856
409,D_126_0.0_13_periods_median,False,208,0.7768741413991014,0.0032651692457952713
192,D_117_1.0,False,209,0.7770116084597398,0.0021036662610147395
411,D_63_CO_13_periods_first,False,210,0.7768741413991014,0.0032651692457952713
201,D_126_0.0,False,211,0.7773772758173816,0.0022744365882003954
205,D_63_CR,False,212,0.7775045304772017,0.0009739428894620805
421,D_66_1.0_13_periods_min,False,213,0.7768741413991014,0.0032651692457952713
143,D_112,False,214,0.7783719195947433,0.0014993493088438451
178,B_30_1.0,False,215,0.7777294488732788,0.0019649955510445388
422,D_68_0.0_13_periods_mean,False,216,0.7768741413991014,0.0032651692457952713
347,D_108_13_periods_sum,False,217,0.7770672669165015,0.001391727699419076
419,D_64_U_6_periods_max,False,218,0.7768741413991014,0.0032651692457952713
206,D_63_XL,False,219,0.7778746979925963,0.001298941779176411
418,D_64_R_13_periods_max,False,220,0.7768741413991014,0.0032651692457952713
386,B_30_0.0_6_periods_min,False,221,0.7769403676969313,0.003330905653362358
414,D_63_XM_13_periods_std,False,222,0.7768741413991014,0.0032651692457952713
101,D_87,False,223,0.7765472841163075,0.001696074551189255
412,D_63_CR_13_periods_sum,False,224,0.7768741413991014,0.0032651692457952713
207,D_63_XM,False,225,0.7784638554981411,0.0016733075596709972
159,B_42,False,226,0.7781251282545744,0.0013179622124788583
410,D_126_1.0_13_periods_first,False,227,0.7768741413991014,0.0032651692457952713
179,B_30_2.0,False,228,0.7770189747597167,0.002131481835201195
415,D_63_XZ_13_periods_std,False,229,0.7768741413991014,0.0032651692457952713
200,D_126_-1.0,False,230,0.7783131248252947,0.002057647622531571
177,B_30_0.0,False,231,0.7784105368457195,0.0025863440609299945
393,B_38_6.0_13_periods_max,False,232,0.7769403676969313,0.003330905653362358
394,B_38_7.0_13_periods_max,False,233,0.7776392345898844,0.0031392222622893744
402,D_117_3.0_13_periods_std,False,234,0.7761149003796652,0.00354786716040801
189,D_116_0.0,False,235,0.7784594400227061,0.0009967051430066962
221,D_68_6.0,False,236,0.7769818160092683,0.0019523879055850738
190,D_116_1.0,False,237,0.778202253587577,0.0013347236273428065
220,D_68_5.0,False,238,0.7782555252299672,0.0008791009765610498
191,D_117_-1.0,False,239,0.7783576592827723,0.0018219045551816204
219,D_68_4.0,False,240,0.7773267595896785,0.00102808632961176
208,D_63_XZ,False,241,0.7784172012900201,0.0017060285584832946
218,D_68_3.0,False,242,0.7775539982060047,0.0016020924072054931
209,D_64_-1,False,243,0.7783790518175148,0.0012122469576486032
217,D_68_2.0,False,244,0.7777849673003107,0.0011049475902867934
211,D_64_R,False,245,0.777460768095356,0.002499547798953151
194,D_117_3.0,False,246,0.7779231996086482,0.0025051926522183464
397,D_116_0.0_13_periods_min,False,247,0.7771107031259361,0.003314620476248084
195,D_117_4.0,False,248,0.7780086314768075,0.0013176271592078976
213,D_66_0.0,False,249,0.7778271102894188,0.0019323718379894675
395,D_114_0.0_6_periods_max,False,250,0.7771107031259361,0.003314620476248084
312,D_87_13_periods_sum,False,251,0.7774409003156275,0.0016055471659842098
216,D_68_1.0,False,252,0.7784912503275636,0.0016438640946671488
185,B_38_6.0,False,253,0.7782633549793967,0.0016395224964147468
215,D_68_0.0,False,254,0.7781504045123608,0.0020614474097991452
197,D_117_6.0,False,255,0.7775887373989242,0.0022742705023703637
202,D_126_1.0,False,256,0.7778644063222795,0.001993831601889712
